# image_name,y_algorithm,confidence,WRIST.z,THUMB_CMC.x,THUMB_CMC.y,THUMB_CMC.z,THUMB_MCP.x,THUMB_MCP.y,THUMB_MCP.z,THUMB_IP.x,THUMB_IP.y,THUMB_IP.z,THUMB_TIP.x,THUMB_TIP.y,THUMB_TIP.z,INDEX_FINGER_MCP.x,INDEX_FINGER_MCP.y,INDEX_FINGER_MCP.z,INDEX_FINGER_PIP.x,INDEX_FINGER_PIP.y,INDEX_FINGER_PIP.z,INDEX_FINGER_DIP.x,INDEX_FINGER_DIP.y,INDEX_FINGER_DIP.z,INDEX_FINGER_TIP.x,INDEX_FINGER_TIP.y,INDEX_FINGER_TIP.z,MIDDLE_FINGER_MCP.x,MIDDLE_FINGER_MCP.y,MIDDLE_FINGER_MCP.z,MIDDLE_FINGER_PIP.x,MIDDLE_FINGER_PIP.y,MIDDLE_FINGER_PIP.z,MIDDLE_FINGER_DIP.x,MIDDLE_FINGER_DIP.y,MIDDLE_FINGER_DIP.z,MIDDLE_FINGER_TIP.x,MIDDLE_FINGER_TIP.y,MIDDLE_FINGER_TIP.z,RING_FINGER_MCP.x,RING_FINGER_MCP.y,RING_FINGER_MCP.z,RING_FINGER_PIP.x,RING_FINGER_PIP.y,RING_FINGER_PIP.z,RING_FINGER_DIP.x,RING_FINGER_DIP.y,RING_FINGER_DIP.z,RING_FINGER_TIP.x,RING_FINGER_TIP.y,RING_FINGER_TIP.z,PINKY_MCP.x,PINKY_MCP.y,PINKY_MCP.z,PINKY_PIP.x,PINKY_PIP.y,PINKY_PIP.z,PINKY_DIP.x,PINKY_DIP.y,PINKY_DIP.z,PINKY_TIP.x,PINKY_TIP.y,PINKY_TIP.z
/testing/images/0-video10image62.png,0,0.9926526894235369,0.43751072883605957,0.8981648683547974,-4.893241722925268e-08,0.5039752721786499,0.7873498201370239,0.03972352296113968,0.5379878282546997,0.6967113018035889,0.0464719757437706,0.5706387758255005,0.629664957523346,0.035940058529376984,0.5729261040687561,0.5688484907150269,0.026038458570837975,0.4315500855445862,0.5882988572120667,0.06286755949258804,0.4614008069038391,0.4806252121925354,0.043224483728408813,0.5162872076034546,0.48257672786712646,0.02282227948307991,0.5503283739089966,0.5168135166168213,0.012943730689585209,0.4130447208881378,0.5943436026573181,0.025935038924217224,0.4573390781879425,0.4663574695587158,0.007228510919958353,0.5218668580055237,0.4754840135574341,-0.008153430186212063,0.5554631352424622,0.5174932479858398,-0.013702179305255413,0.40597468614578247,0.6098644137382507,-0.013227886520326138,0.4558323323726654,0.49245595932006836,-0.029734227806329727,0.5202432870864868,0.49948549270629883,-0.030859289690852165,0.5548138618469238,0.5386749505996704,-0.026295235380530357,0.4149250388145447,0.6360865235328674,-0.05106241628527641,0.46134254336357117,0.5415771007537842,-0.0625106692314148,0.5106020569801331,0.52902752161026,-0.05967624485492706,0.5441742539405823,0.5453507304191589,-0.05354493856430054
/testing/images/1-video21image19.png,1,0.9973320796716859,0.5454807877540588,1.02325439453125,-9.929827626820042e-08,0.4793126583099365,0.9345735907554626,0.015376674942672253,0.46625152230262756,0.8111271262168884,0.014965779148042202,0.4891916513442993,0.71718430519104,0.015740593895316124,0.5161855220794678,0.6649122834205627,0.016092076897621155,0.44762811064720154,0.7467643618583679,-0.034833166748285294,0.4641292989253998,0.5741003155708313,-0.051137104630470276,0.47819170355796814,0.47522446513175964,-0.06536512076854706,0.48738282918930054,0.39526310563087463,-0.07484288513660431,0.510104775428772,0.7471367120742798,-0.04256800562143326,0.5355339646339417,0.6432855129241943,-0.04086248204112053,0.532344400882721,0.6973077058792114,-0.030331820249557495,0.5186656713485718,0.756744384765625,-0.02580915205180645,0.5667590498924255,0.765600860118866,-0.04583016410470009,0.5721048712730408,0.7114030122756958,-0.03253040835261345,0.5671663880348206,0.7583314776420593,-0.015152324922382832,0.5592230558395386,0.8073605895042419,-0.008973068557679653,0.6105050444602966,0.7933865785598755,-0.04786062613129616,0.6049296855926514,0.7742160558700562,-0.02428506314754486,0.5966655015945435,0.8162102103233337,-0.00046113485586829484,0.5901087522506714,0.8542197346687317,0.013068106956779957
/testing/images/2-video31image32.png,2,0.9969149216154364,0.5352684259414673,1.0094321966171265,1.1183324204466771e-06,0.5014016628265381,0.8599246144294739,0.05703863129019737,0.5230017900466919,0.7376235723495483,0.038891371339559555,0.5731517672538757,0.6634983420372009,0.015394839458167553,0.6188634037971497,0.6078635454177856,-0.0035419997293502092,0.44930341839790344,0.6863576769828796,-0.0742533877491951,0.42181456089019775,0.5314517021179199,-0.1127953752875328,0.4006817936897278,0.43128854036331177,-0.1457284390926361,0.3870653212070465,0.3407994508743286,-0.1750078946352005,0.492355078458786,0.7097405791282654,-0.1110900267958641,0.5417888164520264,0.51997309923172,-0.16453817486763,0.5823813676834106,0.3968660831451416,-0.19709651172161102,0.6141893863677979,0.3070383369922638,-0.22583544254302979,0.5419667363166809,0.743116021156311,-0.12837138772010803,0.6121796369552612,0.6362006068229675,-0.10855959355831146,0.602088451385498,0.7006422281265259,-0.045820605009794235,0.5812066197395325,0.7548747062683105,-0.015958424657583237,0.5958454608917236,0.7732875943183899,-0.14495320618152618,0.6408125162124634,0.7086125016212463,-0.1033005490899086,0.6274396181106567,0.7681256532669067,-0.04357258602976799,0.6082710027694702,0.810423731803894,-0.007499752566218376
/testing/images/3-video42image49.png,3,0.9989664123227178,0.4967813491821289,0.9407023191452026,1.2217705034345272e-06,0.4397655427455902,0.8816889524459839,0.00925116054713726,0.39770883321762085,0.8177762627601624,-0.010243521071970463,0.3475756347179413,0.7923131585121155,-0.03351258859038353,0.29881545901298523,0.7947208881378174,-0.05687131732702255,0.39740657806396484,0.7035282850265503,-0.044791799038648605,0.4016868770122528,0.5440806746482849,-0.06877145916223526,0.40260523557662964,0.4514877498149872,-0.078107550740242,0.4028751850128174,0.37939658761024475,-0.08431929349899292,0.4345564544200897,0.689875066280365,-0.06708444654941559,0.48837000131607056,0.5280469059944153,-0.09705416113138199,0.5230890512466431,0.4404090642929077,-0.11018089205026627,0.5465394258499146,0.376514732837677,-0.1162463054060936,0.4832984507083893,0.6992064118385315,-0.08359285444021225,0.5634670257568359,0.6531436443328857,-0.09854873269796371,0.571149468421936,0.7103443145751953,-0.08569352328777313,0.5580670237541199,0.7435310482978821,-0.07451245933771133,0.5348483920097351,0.7235852479934692,-0.09962256252765656,0.5941259264945984,0.7239569425582886,-0.10364359617233276,0.5961423516273499,0.7722020745277405,-0.08652987331151962,0.5769968032836914,0.795796275138855,-0.07139814645051956
/testing/images/4-video26image76.png,4,0.995786639416402,0.5402321815490723,1.0066901445388794,3.901294860497728e-07,0.483272522687912,0.9090033769607544,0.019660551100969315,0.4695427417755127,0.7986788749694824,0.022585012018680573,0.4875432252883911,0.7205325365066528,0.02124948799610138,0.5071977972984314,0.6715176105499268,0.01779848337173462,0.4632547199726105,0.7378206849098206,-0.01243288442492485,0.44157394766807556,0.5974459648132324,-0.027883687987923622,0.4261428713798523,0.5129607915878296,-0.03355233743786812,0.41302239894866943,0.4510202705860138,-0.035986896604299545,0.5055726766586304,0.7333223223686218,-0.033597659319639206,0.49456360936164856,0.5602701902389526,-0.051436617970466614,0.4881797432899475,0.45138370990753174,-0.06210210174322128,0.48272866010665894,0.37154749035835266,-0.06699010729789734,0.5550759434700012,0.7475917935371399,-0.05189890041947365,0.5608997344970703,0.5807489156723022,-0.07340524345636368,0.560599684715271,0.474107027053833,-0.09023967385292053,0.5566275119781494,0.392022967338562,-0.0989513248205185,0.6085532307624817,0.780826210975647,-0.0663425549864769,0.6422753930091858,0.6634222269058228,-0.08435707539319992,0.6568925380706787,0.5898046493530273,-0.09136392176151276,0.6641103029251099,0.5267692804336548,-0.09357290714979172
/testing/images/5-video36image58.png,5,0.9893223856357581,0.6069633364677429,0.9097028970718384,4.609794643783971e-07,0.5418084859848022,0.8235390186309814,0.01432756893336773,0.4968875050544739,0.7466202974319458,0.007965264841914177,0.4491123557090759,0.7039334774017334,-0.001963656162843108,0.40183883905410767,0.689628541469574,-0.016067031770944595,0.5553792119026184,0.6111468076705933,-0.029836447909474373,0.527565598487854,0.46062538027763367,-0.052341166883707047,0.5102297067642212,0.3674934208393097,-0.06398927420377731,0.49419423937797546,0.2960575222969055,-0.07095017284154892,0.6009281873703003,0.6059778928756714,-0.05211225524544716,0.5920104384422302,0.4259599447250366,-0.07514213770627975,0.5860936641693115,0.30862244963645935,-0.089335136115551,0.5801714062690735,0.22188249230384827,-0.09788759797811508,0.6518084406852722,0.6253969073295593,-0.07151059061288834,0.6647279262542725,0.4565899670124054,-0.09638439863920212,0.6735777854919434,0.3454347252845764,-0.11659485846757889,0.6774628162384033,0.25565600395202637,-0.1292475014925003,0.7035709619522095,0.6668456792831421,-0.08716988563537598,0.751911997795105,0.5525494813919067,-0.10946640372276306,0.7794326543807983,0.48640090227127075,-0.1190023422241211,0.7988744378089905,0.42614805698394775,-0.12390085309743881
/testing/images/6-video1image57.png,6,0.9971295211482004,0.40373554825782776,0.9885430335998535,9.42787664826028e-07,0.44802752137184143,0.97477787733078,-0.0676410123705864,0.4608405530452728,0.9078418016433716,-0.10196440666913986,0.40075498819351196,0.8226459622383118,-0.1257980912923813,0.34605976939201355,0.7535839080810547,-0.1485840529203415,0.5120201110839844,0.7094766497612,-0.07156630605459213,0.5482770800590515,0.5590181946754456,-0.10718730092048645,0.5640944242477417,0.4669499099254608,-0.13179944455623627,0.5748090744018555,0.3856816589832306,-0.14985379576683044,0.45734918117523193,0.6825839281082153,-0.06313342601060867,0.4713258743286133,0.5228403806686401,-0.09896587580442429,0.47272056341171265,0.4203032851219177,-0.12793831527233124,0.4729396104812622,0.3324808180332184,-0.14527752995491028,0.4069327712059021,0.7047343850135803,-0.06009085848927498,0.3928857147693634,0.579944372177124,-0.10872361809015274,0.3783324360847473,0.4971141815185547,-0.1434163749217987,0.3667609691619873,0.4239736795425415,-0.16219481825828552,0.36212360858917236,0.7588464617729187,-0.060461755841970444,0.3372754752635956,0.7046347856521606,-0.11196903884410858,0.32599344849586487,0.7311747074127197,-0.1301879733800888,0.3186611533164978,0.7614165544509888,-0.1363319307565689
/testing/images/7-video14image23.png,7,0.9989711650482493,0.46343478560447693,0.9444619417190552,1.0301116617483785e-06,0.5223149061203003,0.9138987064361572,-0.07368188351392746,0.5518726706504822,0.8112635612487793,-0.10196452587842941,0.5290127396583557,0.7112278938293457,-0.12200585007667542,0.4898132383823395,0.6286654472351074,-0.13709262013435364,0.5956946015357971,0.651453971862793,-0.046916667371988297,0.6510483026504517,0.530082643032074,-0.07508271187543869,0.6814327239990234,0.4417688846588135,-0.09323273599147797,0.700667142868042,0.3735365867614746,-0.10147850215435028,0.5425060391426086,0.6241998076438904,-0.03185729309916496,0.5553531050682068,0.47389811277389526,-0.06882903724908829,0.5620180368423462,0.36351627111434937,-0.09596312791109085,0.5625364780426025,0.27567535638809204,-0.10672261565923691,0.49071767926216125,0.6297545433044434,-0.02509535662829876,0.4773472249507904,0.5517951846122742,-0.0822269394993782,0.4796866774559021,0.6195077896118164,-0.10554376989603043,0.4813348352909088,0.6732082962989807,-0.10153257101774216,0.4421003460884094,0.6458849310874939,-0.023275749757885933,0.43008920550346375,0.541633665561676,-0.060139380395412445,0.4244111180305481,0.47849154472351074,-0.0720079243183136,0.42380690574645996,0.41275009512901306,-0.07190801203250885
/testing/images/8-video40image53.png,8,0.9973122402261057,0.3925900459289551,0.9600310325622559,1.181288951102033e-07,0.4561213552951813,0.9171783328056335,-0.06612175703048706,0.4921807050704956,0.783389151096344,-0.08143699169158936,0.4742346405982971,0.6541589498519897,-0.08516734838485718,0.45323941111564636,0.552420973777771,-0.08204081654548645,0.540242075920105,0.6513156890869141,-0.011696620844304562,0.5798801183700562,0.5133377313613892,-0.021611222997307777,0.5972779393196106,0.42362624406814575,-0.034467797726392746,0.6098763346672058,0.3430630564689636,-0.04780071973800659,0.4861401915550232,0.6272704005241394,0.003120526671409607,0.4878475069999695,0.4959452748298645,-0.03384863957762718,0.46750205755233765,0.5357410907745361,-0.05659128725528717,0.46020278334617615,0.590636670589447,-0.05744234845042229,0.4310913681983948,0.6181786060333252,0.00841857772320509,0.4405393898487091,0.47206154465675354,-0.01411454938352108,0.4516622722148895,0.3787209987640381,-0.03476932272315025,0.46630895137786865,0.2942532002925873,-0.04385259747505188,0.3826451301574707,0.6391142010688782,0.007283748127520084,0.37711477279663086,0.5283347964286804,-3.9138467400334775e-05,0.3818950355052948,0.45924046635627747,-0.004401784390211105,0.3877027928829193,0.3992645740509033,-0.007153812330216169
/testing/images/9-video30image59.png,9,0.9995008509062757,0.4560837745666504,0.9778686761856079,9.505106959295517e-07,0.5395899415016174,0.952696681022644,-0.049719974398612976,0.6119855642318726,0.8880267143249512,-0.0774429589509964,0.6708250045776367,0.8086777329444885,-0.10118891298770905,0.7046756744384766,0.7225565314292908,-0.12175887823104858,0.5805555582046509,0.6801766753196716,-0.028935277834534645,0.6319495439529419,0.6269753575325012,-0.06854904443025589,0.6690859794616699,0.6225903034210205,-0.10112067312002182,0.6959520578384399,0.6401877403259277,-0.11864261329174042,0.5324186682701111,0.6158844232559204,-0.028446778655052185,0.580879807472229,0.45132875442504883,-0.05304653197526932,0.6150519251823425,0.34660443663597107,-0.07269760966300964,0.6457444429397583,0.2534672021865845,-0.08381500095129013,0.47525081038475037,0.5976037979125977,-0.03648566082119942,0.4879341721534729,0.4381047189235687,-0.06625847518444061,0.5014191269874573,0.3425559401512146,-0.08726102113723755,0.5186012387275696,0.26433393359184265,-0.0977151021361351,0.41269657015800476,0.6257559061050415,-0.04880261421203613,0.3978932201862335,0.5133219957351685,-0.0722007155418396,0.39248913526535034,0.44138550758361816,-0.07834066450595856,0.39287853240966797,0.3786688446998596,-0.07965557277202606
/testing/images/a-video28image45.png,a,0.9984325452279408,0.44268834590911865,0.7315861582756042,-8.803388595879369e-07,0.3634880781173706,0.6980192065238953,-0.03488345071673393,0.31152886152267456,0.5982463955879211,-0.04568549618124962,0.30663856863975525,0.49515649676322937,-0.05581013113260269,0.31513461470603943,0.4248373210430145,-0.056999143213033676,0.35436558723449707,0.5016560554504395,0.0018165408400818706,0.37065014243125916,0.42922917008399963,-0.04349887743592262,0.3703432083129883,0.5151285529136658,-0.06208811700344086,0.36515334248542786,0.5456637144088745,-0.06666788458824158,0.40373125672340393,0.5118409395217896,0.0025815563276410103,0.417491614818573,0.44860562682151794,-0.04355047270655632,0.40925031900405884,0.549626350402832,-0.04905400425195694,0.40051865577697754,0.559942364692688,-0.04033921658992767,0.44880083203315735,0.5250976085662842,-0.0069944001734256744,0.4613201916217804,0.4777718186378479,-0.05746277794241905,0.4496009945869446,0.5739997625350952,-0.04317603260278702,0.4423025846481323,0.5848531126976013,-0.019496260210871696,0.4945685863494873,0.5410409569740295,-0.019608696922659874,0.5003898739814758,0.5005977153778076,-0.044149309396743774,0.4898969829082489,0.5677982568740845,-0.028881952166557312,0.48578739166259766,0.5862014889717102,-0.01001353282481432
/testing/images/b-video8image54.png,b,0.9971884039808955,0.38991498947143555,0.702360987663269,7.587385084661946e-07,0.3251015543937683,0.633533239364624,-0.04035917669534683,0.3152822256088257,0.5441622138023376,-0.051283176988363266,0.3701936602592468,0.4974045753479004,-0.057712703943252563,0.4217248558998108,0.4960108697414398,-0.061944629997015,0.3550703525543213,0.43189945816993713,0.008731909096240997,0.360574334859848,0.3332497477531433,0.010901199653744698,0.36596423387527466,0.2731698751449585,-0.0005258457385934889,0.3717900812625885,0.22386151552200317,-0.012919407337903976,0.4024360775947571,0.4372488260269165,0.018155450001358986,0.4019226133823395,0.33167386054992676,0.026687584817409515,0.4004862606525421,0.2641080915927887,0.015186592005193233,0.3999175727367401,0.20974430441856384,0.0035466758999973536,0.438717782497406,0.4578569829463959,0.02090742625296116,0.44246378540992737,0.36005696654319763,0.028909647837281227,0.43799448013305664,0.30131953954696655,0.021942581981420517,0.43531280755996704,0.25104615092277527,0.012675493955612183,0.4785352647304535,0.49124282598495483,0.017409780994057655,0.4816678762435913,0.4133599102497101,0.021386079490184784,0.477678120136261,0.3687721788883209,0.021682512015104294,0.47312402725219727,0.32368940114974976,0.019389448687434196
/testing/images/c-video34image70.png,c,0.8193551328425618,0.5192819833755493,0.6548765301704407,3.9823481756684487e-07,0.5597547888755798,0.5915367603302002,-0.019761336967349052,0.585335373878479,0.508924126625061,-0.030380873009562492,0.6139203906059265,0.4473826587200165,-0.04282977804541588,0.6387762427330017,0.3951362073421478,-0.055653270334005356,0.5224177837371826,0.41898494958877563,0.010422321036458015,0.5135883688926697,0.3434222340583801,-0.007973124273121357,0.5200791358947754,0.3056267499923706,-0.03087802417576313,0.5326446890830994,0.29368913173675537,-0.045435674488544464,0.4943731129169464,0.4264683723449707,0.007626038044691086,0.4846462309360504,0.3412289321422577,-0.013093891553580761,0.49443766474723816,0.3078979253768921,-0.0406966358423233,0.5139952301979065,0.3108896017074585,-0.057182662189006805,0.4683865010738373,0.4479302167892456,2.0336490706540644e-05,0.4598071575164795,0.36425626277923584,-0.016559816896915436,0.46800264716148376,0.32646045088768005,-0.038506798446178436,0.4861476719379425,0.31909021735191345,-0.05117380619049072,0.44541358947753906,0.48321732878685,-0.010098638944327831,0.4382983446121216,0.4103752672672272,-0.024392664432525635,0.4437303841114044,0.36532798409461975,-0.03758639097213745,0.4584308862686157,0.33616143465042114,-0.045482270419597626
/testing/images/d-video39image39.png,d,0.8582061390564718,0.6158609390258789,0.6971719861030579,1.7731569812440284e-07,0.6345757246017456,0.630511999130249,-0.019059253856539726,0.6380685567855835,0.5491431355476379,-0.042925067245960236,0.6266594529151917,0.4870493710041046,-0.0687977597117424,0.5964335799217224,0.4931379556655884,-0.09481758624315262,0.5579646825790405,0.46250060200691223,-0.035604119300842285,0.5540696978569031,0.3693583011627197,-0.066907599568367,0.5483584403991699,0.29927346110343933,-0.08548890054225922,0.5388233065605164,0.24534113705158234,-0.09782220423221588,0.5221579074859619,0.49778085947036743,-0.045788418501615524,0.5616627335548401,0.45431432127952576,-0.08587677776813507,0.594154953956604,0.516045868396759,-0.0917958915233612,0.5934432744979858,0.5528584122657776,-0.08740457892417908,0.5066159963607788,0.5463561415672302,-0.05779261887073517,0.5618264675140381,0.5228869915008545,-0.09671705961227417,0.592846691608429,0.5700701475143433,-0.0896075889468193,0.5903581380844116,0.5961859226226807,-0.07653302699327469,0.5059341788291931,0.602148175239563,-0.0717475563287735,0.5613995790481567,0.5863790512084961,-0.09704742580652237,0.5925358533859253,0.6105349063873291,-0.09064488857984543,0.5953752994537354,0.6273766160011292,-0.08001725375652313
/testing/images/e-video27image45.png,e,0.8393866742013856,0.5995925068855286,0.7409746646881104,-1.4072260512421053e-07,0.6230630278587341,0.6736258864402771,-0.00924577098339796,0.6224586963653564,0.5858824849128723,-0.016525575891137123,0.5993959903717041,0.5488134026527405,-0.025789789855480194,0.5688960552215576,0.5590654611587524,-0.03246644511818886,0.5657110214233398,0.5027920007705688,-0.0024765084963291883,0.5515628457069397,0.4470028579235077,-0.022368937730789185,0.5784770846366882,0.48416540026664734,-0.03667200729250908,0.5897956490516663,0.5211788415908813,-0.04383203387260437,0.5406523942947388,0.5295942425727844,-0.009833172895014286,0.5212854743003845,0.46403563022613525,-0.028112396597862244,0.5561873316764832,0.5049911141395569,-0.03542189672589302,0.5690000057220459,0.5448708534240723,-0.036768097430467606,0.5198701620101929,0.5690188407897949,-0.02005995437502861,0.5050167441368103,0.5101820826530457,-0.03862304240465164,0.5437386631965637,0.5479468107223511,-0.03535786643624306,0.5569702386856079,0.5842784643173218,-0.028789939358830452,0.5046850442886353,0.6202449202537537,-0.03152252733707428,0.5059945583343506,0.5687183737754822,-0.04499970003962517,0.5358709096908569,0.5912349224090576,-0.03929003328084946,0.5462718605995178,0.6201977729797363,-0.032090846449136734
/training/images/bye-MaviDikle-Data-6804.png,bye,0.6179874124740367,0.45967966318130493,0.542016863822937,-1.519033503427636e-07,0.5367038249969482,0.5259437561035156,-0.025886688381433487,0.597183108329773,0.4625556468963623,-0.03153833746910095,0.6202855706214905,0.3982485234737396,-0.03671012446284294,0.6054811477661133,0.35136735439300537,-0.038158491253852844,0.5498400330543518,0.37732934951782227,-0.0035718861036002636,0.5618696212768555,0.3172852694988251,-0.02645367942750454,0.5583027005195618,0.3393368721008301,-0.04099629446864128,0.5565379858016968,0.36118826270103455,-0.0463205985724926,0.5040807127952576,0.3680279850959778,0.0006684829713776708,0.5105595588684082,0.3082396686077118,-0.017869669944047928,0.5091733336448669,0.33486077189445496,-0.02584981545805931,0.5095916390419006,0.3529728353023529,-0.02609279192984104,0.4557477831840515,0.369509220123291,-0.0005840032827109098,0.46082305908203125,0.310289204120636,-0.01741848886013031,0.4633878469467163,0.3332518935203552,-0.012764952145516872,0.46291813254356384,0.34973475337028503,-0.004561972338706255,0.40591928362846375,0.37985318899154663,-0.004535323940217495,0.4110565781593323,0.32493457198143005,-0.012150443159043789,0.4181573987007141,0.3337317407131195,-0.003091865684837103,0.41980594396591187,0.3452218472957611,0.007360735908150673
/training/images/good-MaviDikle-Data-11034.png,good,0.9999096189048094,0.5936604738235474,0.7958362698554993,4.84372606024408e-07,0.6771142482757568,0.6612657904624939,-0.0783783495426178,0.7077383995056152,0.5004186034202576,-0.11729636043310165,0.7356428503990173,0.3782184422016144,-0.15011146664619446,0.7857140898704529,0.292824923992157,-0.18512359261512756,0.4435234069824219,0.4051118493080139,-0.07386437803506851,0.3202844560146332,0.2858414649963379,-0.12743200361728668,0.23820316791534424,0.22676192224025726,-0.17462578415870667,0.16486616432666779,0.1827617883682251,-0.20913268625736237,0.35550129413604736,0.4671592116355896,-0.07320057600736618,0.2187250256538391,0.33909499645233154,-0.11954034119844437,0.13396981358528137,0.26627296209335327,-0.16257889568805695,0.06294968724250793,0.21137212216854095,-0.19442233443260193,0.29880037903785706,0.5476242899894714,-0.0815524235367775,0.164963036775589,0.42521581053733826,-0.12578454613685608,0.09188035130500793,0.3510397672653198,-0.15800905227661133,0.03278049826622009,0.2910960912704468,-0.17926231026649475,0.26466289162635803,0.643512487411499,-0.09752195328474045,0.15666106343269348,0.5527656078338623,-0.13991700112819672,0.09441491961479187,0.48933061957359314,-0.15912528336048126,0.04211786389350891,0.4285863935947418,-0.1695561408996582
/training/images/good morning-MaviDikle-Data-14487.png,good morning,0.992998446937794,0.45613905787467957,0.750789999961853,8.866273901730892e-07,0.33726656436920166,0.6937789916992188,-0.022420916706323624,0.27091899514198303,0.5883192420005798,-0.04873232915997505,0.26969462633132935,0.4816087484359741,-0.0711253359913826,0.2830324172973633,0.39844703674316406,-0.09546619653701782,0.3451967239379883,0.48430830240249634,-0.0853613018989563,0.36675044894218445,0.3117199242115021,-0.13013313710689545,0.3868311643600464,0.21378588676452637,-0.15174904465675354,0.4032127261161804,0.14082008600234985,-0.16153863072395325,0.4336692988872528,0.48780661821365356,-0.096798375248909,0.44560617208480835,0.30345624685287476,-0.13703462481498718,0.45445916056632996,0.19360896944999695,-0.1566830724477768,0.45802566409111023,0.11013361811637878,-0.16653062403202057,0.5164515972137451,0.5063009858131409,-0.10681740194559097,0.5215141177177429,0.3314425051212311,-0.1408054083585739,0.525026261806488,0.22629541158676147,-0.15684498846530914,0.526332437992096,0.14584514498710632,-0.16418695449829102,0.5920984148979187,0.5363659858703613,-0.11624457687139511,0.597366452217102,0.39985182881355286,-0.14513936638832092,0.599916934967041,0.31747931241989136,-0.15221062302589417,0.6032760143280029,0.2490471601486206,-0.15165281295776367
/training/images/hello-MaviDikle-Data-12880.png,hello,0.9966865084567632,0.6854853630065918,0.5774117112159729,8.460268645649194e-07,0.6812416315078735,0.47271427512168884,-0.042047977447509766,0.6119225025177002,0.40104496479034424,-0.06530943512916565,0.5249620676040649,0.4259366989135742,-0.08517764508724213,0.4796610176563263,0.49545586109161377,-0.10704211890697479,0.5484122633934021,0.3454335629940033,-0.05430503562092781,0.444222092628479,0.26696914434432983,-0.09035244584083557,0.37592828273773193,0.22429615259170532,-0.11645511537790298,0.3190182149410248,0.19487200677394867,-0.13301248848438263,0.4996227025985718,0.3932759761810303,-0.05758628994226456,0.38567283749580383,0.30481666326522827,-0.08904705196619034,0.3074210584163666,0.24986982345581055,-0.11375018954277039,0.24293074011802673,0.2097426950931549,-0.12939123809337616,0.46782979369163513,0.4500320255756378,-0.0647883266210556,0.35744237899780273,0.37310874462127686,-0.08987908065319061,0.29054921865463257,0.32351475954055786,-0.11220201104879379,0.23753879964351654,0.28764963150024414,-0.1254229098558426,0.4483114778995514,0.5124959945678711,-0.07560236752033234,0.3676777482032776,0.4432152807712555,-0.09212557226419449,0.31820613145828247,0.3946269750595093,-0.10068383067846298,0.2776452302932739,0.3566616475582123,-0.10643118619918823
/training/images/little bit-MaviDikle-Data-11712.png,little bit,0.9917398248910997,0.7228105664253235,0.6555323004722595,-3.7853786238883913e-07,0.627092719078064,0.6652224063873291,-0.07936424016952515,0.5050208568572998,0.6402783393859863,-0.12523269653320312,0.39979833364486694,0.6288487315177917,-0.15708176791667938,0.3183509111404419,0.6201815605163574,-0.18641190230846405,0.6009785532951355,0.443816602230072,-0.11603202670812607,0.44086790084838867,0.4569843113422394,-0.172561913728714,0.32372790575027466,0.4615848660469055,-0.21444952487945557,0.22835838794708252,0.46383872628211975,-0.24297353625297546,0.6093838214874268,0.4048304259777069,-0.09799892455339432,0.4397420287132263,0.4231540560722351,-0.16118818521499634,0.3129104673862457,0.43849536776542664,-0.19900435209274292,0.21704673767089844,0.4536100924015045,-0.2221851944923401,0.611912190914154,0.3890218436717987,-0.08279182016849518,0.45100975036621094,0.41002002358436584,-0.13408958911895752,0.33922508358955383,0.4308905303478241,-0.15040944516658783,0.26233306527137756,0.45311102271080017,-0.15598830580711365,0.607397198677063,0.39371657371520996,-0.07366108894348145,0.4756157696247101,0.40944984555244446,-0.11366745829582214,0.38568001985549927,0.42981064319610596,-0.12418092787265778,0.32422128319740295,0.4515751004219055,-0.12536202371120453
/training/images/no-MaviDikle-Data-2059.png,no,0.990711813640675,0.44953253865242004,0.5652229189872742,1.7714194555651375e-08,0.5179064869880676,0.5194615721702576,-0.06096503883600235,0.5574003458023071,0.4378594756126404,-0.0853508785367012,0.5512245297431946,0.3510260283946991,-0.10761872678995132,0.5372767448425293,0.28677868843078613,-0.1247553750872612,0.6089620590209961,0.31694746017456055,-0.00768758449703455,0.630896270275116,0.2306036502122879,-0.06719187647104263,0.6014995574951172,0.21370896697044373,-0.1070549488067627,0.5786336660385132,0.24652007222175598,-0.1213361993432045,0.531599223613739,0.3121267259120941,-0.0017551676137372851,0.5382210612297058,0.19660502672195435,-0.06822428107261658,0.5161557197570801,0.22191256284713745,-0.09885615110397339,0.5123472809791565,0.2764092981815338,-0.09599128365516663,0.4583783745765686,0.32922178506851196,-0.007536870893090963,0.45542284846305847,0.2784418761730194,-0.08846105635166168,0.4541744887828827,0.35695523023605347,-0.09766299277544022,0.4658193290233612,0.4228162169456482,-0.07354581356048584,0.3864718973636627,0.36200979351997375,-0.017103467136621475,0.39187783002853394,0.3141145706176758,-0.0768136978149414,0.4008939862251282,0.37523043155670166,-0.07220631092786789,0.41632992029190063,0.43231454491615295,-0.04754079133272171
/training/images/pardon-MaviDikle-Data-10434.png,pardon,0.9989357104914053,0.38805127143859863,0.6532783508300781,-1.2389205039653461e-06,0.4418739974498749,0.4458703398704529,0.0019556109327822924,0.5764592885971069,0.3371608555316925,-0.0009094121633097529,0.7297766208648682,0.28263360261917114,-0.002906919689849019,0.840667724609375,0.2647325396537781,0.0038487629499286413,0.7000473737716675,0.3850772976875305,0.003649759106338024,0.8105654120445251,0.3656842112541199,0.0027249392587691545,0.7474884986877441,0.3616870641708374,0.0048339469358325005,0.6903442144393921,0.3754625916481018,0.0067834449000656605,0.7312952280044556,0.4976416230201721,-0.0007160779787227511,0.8076093196868896,0.44610166549682617,0.020679527893662453,0.7582989931106567,0.4368170201778412,0.034216105937957764,0.707718551158905,0.455407053232193,0.03454398363828659,0.7442713975906372,0.5965276956558228,-0.004716466646641493,0.7925965785980225,0.5265645980834961,0.010703296400606632,0.7517322301864624,0.5229909420013428,0.028478451073169708,0.7013307213783264,0.541672945022583,0.031723592430353165,0.7481720447540283,0.6761186718940735,-0.008390802890062332,0.7671413421630859,0.6033266186714172,0.006989191751927137,0.7261509895324707,0.6038066744804382,0.02888721041381359,0.6879010200500488,0.6243236064910889,0.042457468807697296
/training/images/please-MaviDikle-Data-293.png,please,0.9972322553642745,0.15382924675941467,0.5313328504562378,1.1629634855125914e-06,0.18009397387504578,0.39732176065444946,-0.06227783113718033,0.27995577454566956,0.3298310339450836,-0.10519743710756302,0.3867042064666748,0.310594379901886,-0.13468806445598602,0.47591036558151245,0.27163809537887573,-0.16668766736984253,0.3972371816635132,0.41325604915618896,-0.1295870840549469,0.5827767848968506,0.42588281631469727,-0.18447303771972656,0.7013038992881775,0.4373924136161804,-0.21516774594783783,0.7954248785972595,0.44757744669914246,-0.23121576011180878,0.4010511338710785,0.5137813687324524,-0.122980035841465,0.5978947877883911,0.5201775431632996,-0.170094832777977,0.7294830083847046,0.5224027037620544,-0.20029683411121368,0.8403336405754089,0.5237023234367371,-0.21878941357135773,0.38832372426986694,0.5964953899383545,-0.11586052179336548,0.5711941123008728,0.5983834862709045,-0.15565766394138336,0.6961244940757751,0.5937145352363586,-0.1778835952281952,0.7985098361968994,0.5946196913719177,-0.1897943913936615,0.3640249967575073,0.6662970781326294,-0.1108420342206955,0.5033488273620605,0.666777491569519,-0.1444224715232849,0.5969693660736084,0.6640663146972656,-0.15521830320358276,0.6774177551269531,0.665078341960907,-0.15759573876857758
/training/images/project-MaviDikle-Data-9728.png,project,0.999818520251278,0.7486163377761841,0.5235133767127991,1.0913183814409422e-06,0.7236331701278687,0.425728440284729,-0.09324977546930313,0.660811722278595,0.3417919874191284,-0.15010370314121246,0.5890321731567383,0.2846589684486389,-0.1959090381860733,0.5142987370491028,0.2607418894767761,-0.2425530105829239,0.468658447265625,0.42095768451690674,-0.12885905802249908,0.3261612057685852,0.43352892994880676,-0.19751039147377014,0.231123685836792,0.45716410875320435,-0.24659742414951324,0.15160411596298218,0.48098069429397583,-0.27852749824523926,0.4568321108818054,0.5084143280982971,-0.12000715732574463,0.29497331380844116,0.5297264456748962,-0.18388810753822327,0.18306732177734375,0.5469954609870911,-0.23107975721359253,0.09050962328910828,0.5622817277908325,-0.26206132769584656,0.47125402092933655,0.585403323173523,-0.11742528527975082,0.3202955722808838,0.6063075065612793,-0.17197775840759277,0.22131073474884033,0.6181008815765381,-0.2073672115802765,0.1407460868358612,0.6257320642471313,-0.22863392531871796,0.506650447845459,0.65248703956604,-0.12198451161384583,0.390322208404541,0.6707363128662109,-0.16770684719085693,0.3150375485420227,0.6764805912971497,-0.18928462266921997,0.24951018393039703,0.6763980388641357,-0.20062437653541565
/training/images/whats up-MaviDikle-Data-952.png,whats up,0.9996519523497123,0.42265790700912476,0.8942433595657349,2.4429638756373606e-08,0.5451651811599731,0.8580747842788696,-0.05961589142680168,0.6527363657951355,0.7618977427482605,-0.0972721129655838,0.7371889352798462,0.6908092498779297,-0.1293320655822754,0.8155287504196167,0.6462469100952148,-0.15919633209705353,0.5774000287055969,0.5996251106262207,-0.04593168571591377,0.6190911531448364,0.47066718339920044,-0.08366334438323975,0.6517823338508606,0.39237213134765625,-0.10795243084430695,0.6740618944168091,0.3205406665802002,-0.12914808094501495,0.48999643325805664,0.5824721455574036,-0.05344415828585625,0.5093532204627991,0.5094339847564697,-0.15349122881889343,0.4970596432685852,0.6182940602302551,-0.18281042575836182,0.4863537549972534,0.7100170254707336,-0.17336121201515198,0.40374821424484253,0.5812000632286072,-0.07092617452144623,0.40810465812683105,0.4596606194972992,-0.1376798152923584,0.41600969433784485,0.36492711305618286,-0.15938180685043335,0.4212542176246643,0.2753452658653259,-0.16277512907981873,0.32317548990249634,0.6018945574760437,-0.09222795069217682,0.29502472281455994,0.49525126814842224,-0.12090258300304413,0.27916908264160156,0.43298861384391785,-0.1201101690530777,0.26729193329811096,0.3606024384498596,-0.11823422461748123
/training/images/yes-MaviDikle-Data-13735.png,yes,0.9784813946839163,0.4658544063568115,0.5045650601387024,-6.059197517060966e-07,0.557874321937561,0.5535558462142944,-0.051747288554906845,0.6264805793762207,0.6264101266860962,-0.11402582377195358,0.5888386964797974,0.6996304392814636,-0.16759465634822845,0.4778458774089813,0.7009758949279785,-0.21334707736968994,0.5989332795143127,0.38658514618873596,-0.2017008662223816,0.563930869102478,0.6154296398162842,-0.2798156440258026,0.5607328414916992,0.6087588667869568,-0.2945913076400757,0.5517615675926208,0.5487873554229736,-0.288967490196228,0.4873725175857544,0.3492338955402374,-0.20410296320915222,0.46647021174430847,0.6210438013076782,-0.2859801650047302,0.48427313566207886,0.59725022315979,-0.2683413624763489,0.48496097326278687,0.5169540643692017,-0.24626515805721283,0.38372737169265747,0.36671993136405945,-0.2040332704782486,0.3801409900188446,0.6232113838195801,-0.26109981536865234,0.4051423668861389,0.5943028926849365,-0.21251662075519562,0.404996395111084,0.5169200301170349,-0.16951406002044678,0.2941063344478607,0.41166284680366516,-0.20798201858997345,0.30793726444244385,0.5981394648551941,-0.2216772437095642,0.3296719193458557,0.5795557498931885,-0.18218809366226196,0.3238837420940399,0.5117462277412415,-0.15685351192951202
